{
    "GMW-01-002": {
        "0_100": {
            "avg": 211.7185245255142,
            "count": 360074,
            "sum": 76234336
        }
    },
    "GMW-01-003": {
        "0_100": {
            "avg": 237.0116413397208,
            "count": 2668765,
            "sum": 632528373
        }
    },
    "GMW-01-004": {
        "0_100": {
            "avg": 173.6914890946179,
            "count": 318650,
            "sum": 55346793
        }
    },
    "GMW-01-005": {
        "0_100": {
            "avg": 243.03037925892866,
            "count": 394348,
            "sum": 95838544
        }
    },
    "GMW-01-006": {
        "0_100": {
            "avg": 228.00195953890864,
            "count": 8045260,
            "sum": 1834335045
        }
    },
    "GMW-01-007": {
        "0_100": {
            "avg": 247.31149206778966,
            "count": 2422906,
            "sum": 599212498
        }
    },
    "GMW-01-008": {
        "0_100": {
            "avg": 277.87961304936636,
            "count": 577438,
            "sum": 160458248
        }
    },
    "GMW-01-009": {
        "0_100": {
            "avg": 305.01383467562624,
            "count": 2044139,
            "sum": 623490675
        }
    },
    "GMW-02-001": {
        "0_100": {
            "avg": 299.77591485772956,
            "count": 109088,
            "sum": 32701955
        }
    },
    "GMW-02-002": {
        "0_100": {
            "avg": 386.70826441365034,
            "count": 2706653,
            "sum": 1046685084
        }
    },
    "GMW-02-003": {
        "0_100": {
            "avg": 288.14638455858955,
            "count": 4427523,
            "sum": 1275774745
        }
    },
    "GMW-02-004": {
        "0_100": {
            "avg": 282.0825571120975,
            "count": 2114088,
            "sum": 596347349
        }
    },
    "GMW-02-005": {
        "0_100": {
            "avg": 296.6000644975135,
            "count": 117834,
            "sum": 34949572
        }
    },
    "GMW-02-006": {
        "0_100": {
            "avg": 290.3361980129675,
            "count": 405630,
            "sum": 117769072
        }
    },
    "GMW-02-007": {
        "0_100": {
            "avg": 270.90224350950973,
            "count": 179763,
            "sum": 48698200
        }
    },
    "GMW-03-001": {
        "0_100": {
            "avg": 272.3769472893228,
            "count": 3806060,
            "sum": 1036683004
        }
    },
    "GMW-03-002": {
        "0_100": {
            "avg": 310.38671883023204,
            "count": 1022425,
            "sum": 317347141
        }
    },
    "GMW-03-003": {
        "0_100": {
            "avg": 282.8185953362259,
            "count": 404951,
            "sum": 114527673
        }
    },
    "GMW-03-004": {
        "0_100": {
            "avg": 287.7778407195075,
            "count": 6464533,
            "sum": 1860349348
        }
    },
    "GMW-03-005": {
        "0_100": {
            "avg": 315.19160156032876,
            "count": 8905559,
            "sum": 2806957404
        }
    },
    "GMW-03-006": {
        "0_100": {
            "avg": 285.456108998026,
            "count": 1578524,
            "sum": 450599319
        }
    },
    "GMW-03-007": {
        "0_100": {
            "avg": 290.22486907251505,
            "count": 895152,
            "sum": 259795372
        }
    },
    "GMW-04-001": {
        "0_100": {
            "avg": 194.11891917926982,
            "count": 20762,
            "sum": 4030297
        }
    },
    "GMW-04-002": {
        "0_100": {
            "avg": 201.7356621398383,
            "count": 6333058,
            "sum": 1277603649
        }
    },
    "GMW-04-003": {
        "0_100": {
            "avg": 263.80802396154104,
            "count": 2802157,
            "sum": 739231501
        }
    },
    "GMW-04-004": {
        "0_100": {
            "avg": 286.98346363659215,
            "count": 198895,
            "sum": 57079576
        }
    },
    "GMW-04-005": {
        "0_100": {
            "avg": 309.1268975736247,
            "count": 134975,
            "sum": 41724403
        }
    },
    "GMW-04-006": {
        "0_100": {
            "avg": 297.55217748257377,
            "count": 11327760,
            "sum": 3370599654
        }
    },
    "GMW-04-007": {
        "0_100": {
            "avg": 318.39351507093266,
            "count": 2072035,
            "sum": 659722507
        }
    },
    "GMW-04-008": {
        "0_100": {
            "avg": 239.9882856933374,
            "count": 477365,
            "sum": 114562008
        }
    },
    "GMW-04-009": {
        "0_100": {
            "avg": 242.09347898162528,
            "count": 114614,
            "sum": 27747302
        }
    },
    "GMW-05-001": {
        "0_100": {
            "avg": 266.9950528587859,
            "count": 1904130,
            "sum": 508393290
        }
    },
    "GMW-05-002": {
        "0_100": {
            "avg": 240.19617039240495,
            "count": 3366089,
            "sum": 808521687
        }
    },
    "GMW-05-003": {
        "0_100": {
            "avg": 189.2133302759306,
            "count": 143913,
            "sum": 27230258
        }
    },
    "GMW-05-004": {
        "0_100": {
            "avg": 241.72561900345846,
            "count": 2294656,
            "sum": 554677142
        }
    },
    "GMW-05-005": {
        "0_100": {
            "avg": 269.2435657547206,
            "count": 812877,
            "sum": 218861902
        }
    },
    "GMW-05-006": {
        "0_100": {
            "avg": 245.40378325819853,
            "count": 11313,
            "sum": 2776253
        }
    },
    "GMW-05-007": {
        "0_100": {
            "avg": 297.60513447432766,
            "count": 818,
            "sum": 243441
        }
    },
    "GMW-05-009": {
        "0_100": {
            "avg": 154.38811810743508,
            "count": 5622,
            "sum": 867970
        }
    },
    "GMW-06-001": {
        "0_100": {
            "avg": 148.23223259152908,
            "count": 2786,
            "sum": 412975
        }
    },
    "GMW-06-002": {
        "0_100": {
            "avg": 132.57013574660633,
            "count": 5525,
            "sum": 732450
        }
    },
    "GMW-06-003": {
        "0_100": {
            "avg": 161.14862263524725,
            "count": 30130,
            "sum": 4855408
        }
    },
    "GMW-06-004": {
        "0_100": {
            "avg": 132.5015015015015,
            "count": 15984,
            "sum": 2117904
        }
    },
    "GMW-06-005": {
        "0_100": {
            "avg": 98.42907687359279,
            "count": 62180,
            "sum": 6120320
        }
    },
    "GMW-06-006": {
        "0_100": {
            "avg": 125.7525533250647,
            "count": 65307,
            "sum": 8212522
        }
    },
    "GMW-06-007": {
        "0_100": {
            "avg": 161.2091508247933,
            "count": 78747,
            "sum": 12694737
        }
    },
    "GMW-06-008": {
        "0_100": {
            "avg": 143.66072727272729,
            "count": 2750,
            "sum": 395067
        }
    },
    "GMW-06-009": {
        "0_100": {
            "avg": 145.85957066189624,
            "count": 2236,
            "sum": 326142
        }
    },
    "GMW-06-010": {
        "0_100": {
            "avg": 47.7939393939394,
            "count": 165,
            "sum": 7886
        }
    },
    "GMW-06-011": {
        "0_100": {
            "avg": 60.95783132530121,
            "count": 498,
            "sum": 30357
        }
    },
    "GMW-06-012": {
        "0_100": {
            "avg": 83.02837381234296,
            "count": 69254,
            "sum": 5750047
        }
    },
    "GMW-06-013": {
        "0_100": {
            "avg": 134.53234254567133,
            "count": 187864,
            "sum": 25273784
        }
    },
    "GMW-06-014": {
        "0_100": {
            "avg": 158.453237121131,
            "count": 74696,