{
    "0_100": {
        "01": {
            "avg": 242.2496587961439,
            "count": 16831580,
            "sum": 4077444512
        },
        "02": {
            "avg": 313.3940876563864,
            "count": 10060579,
            "sum": 3152925977
        },
        "03": {
            "avg": 296.6676232094668,
            "count": 23077204,
            "sum": 6846259261
        },
        "04": {
            "avg": 267.96705802380507,
            "count": 23481621,
            "sum": 6292300897
        },
        "05": {
            "avg": 248.44455945358337,
            "count": 8539418,
            "sum": 2121571943
        },
        "06": {
            "avg": 131.68788641782112,
            "count": 598122,
            "sum": 78765422
        },
        "07": {
            "avg": 177.75708851371357,
            "count": 11804555,
            "sum": 2098343328
        },
        "08": {
            "avg": 284.6287329746098,
            "count": 16259319,
            "sum": 4627869366
        },
        "09": {
            "avg": 331.83614614512254,
            "count": 24516097,
            "sum": 8135327147
        },
        "10": {
            "avg": 304.43728418158975,
            "count": 18398859,
            "sum": 5601298666
        },
        "11": {
            "avg": 222.54216893169766,
            "count": 11673203,
            "sum": 2597779914
        },
        "12": {
            "avg": 266.9814851515794,
            "count": 2164641,
            "sum": 577919069
        }
    }
}