{
    "0_30": {
        "01": {
            "avg": 106.85513317137176,
            "count": 16468104,
            "sum": 1759701446
        },
        "02": {
            "avg": 142.9711551658544,
            "count": 9967296,
            "sum": 1425035823
        },
        "03": {
            "avg": 95.58889600729829,
            "count": 23049781,
            "sum": 2203303119
        },
        "04": {
            "avg": 124.92099789974881,
            "count": 23481477,
            "sum": 2933329539
        },
        "05": {
            "avg": 53.34398010445186,
            "count": 8524118,
            "sum": 454710381
        },
        "06": {
            "avg": 28.682724388616382,
            "count": 597947,
            "sum": 17150749
        },
        "07": {
            "avg": 120.6774269512893,
            "count": 11533400,
            "sum": 1391821036
        },
        "08": {
            "avg": 144.70803254793478,
            "count": 16256884,
            "sum": 2352501699
        },
        "09": {
            "avg": 120.7910644974847,
            "count": 23708661,
            "sum": 2863794400
        },
        "10": {
            "avg": 91.1451619083491,
            "count": 18398835,
            "sum": 1676964795
        },
        "11": {
            "avg": 45.645808473819486,
            "count": 11254075,
            "sum": 513701352
        },
        "12": {
            "avg": 77.24661262963201,
            "count": 2022070,
            "sum": 156198058
        }
    },
    "30_100": {
        "01": {
            "avg": 194.0398455251853,
            "count": 16829669,
            "sum": 3265626373
        },
        "02": {
            "avg": 283.3967130786085,
            "count": 9938175,
            "sum": 2816446129
        },
        "03": {
            "avg": 196.62858072885308,
            "count": 22838018,
            "sum": 4490607066
        },
        "04": {
            "avg": 253.60190172984304,
            "count": 22387407,
            "sum": 5677488990
        },
        "05": {
            "avg": 107.00587951603204,
            "count": 8078386,
            "sum": 864434799
        },
        "06": {
            "avg": 54.64786753402729,
            "count": 597829,
            "sum": 32670080
        },
        "07": {
            "avg": 234.15786942301085,
            "count": 11793012,
            "sum": 2761426564
        },
        "08": {
            "avg": 278.3208360913159,
            "count": 16174262,
            "sum": 4501634123
        },
        "09": {
            "avg": 248.41588574417017,
            "count": 23438839,
            "sum": 5822579951
        },
        "10": {
            "avg": 193.15278099884455,
            "count": 18398839,
            "sum": 3553786920
        },
        "11": {
            "avg": 89.61091913642692,
            "count": 11469973,
            "sum": 1027834823
        },
        "12": {
            "avg": 164.00497056506595,
            "count": 2028542,
            "sum": 332690971
        }
    }
}